{
  "version": "5.1.1",
  "flags": {},
  "shapes": [
    {
      "label": "sjb_rect",
      "points": [
        [
          655.1764705882351,
          539.8823529411766
        ],
        [
          2890.470588235294,
          4125.176470588235
        ]
      ],
      "group_id": null,
      "shape_type": "rectangle",
      "flags": {}
    },
    {
      "label": "angle_30",
      "points": [
        [
          2702.2352941176464,
          584.0000000000002
        ]
      ],
      "group_id": null,
      "shape_type": "point",
      "flags": {}
    },
    {
      "label": "angle_60",
      "points": [
        [
          708.1176470588234,
          4031.0588235294117
        ]
      ],
      "group_id": null,
      "shape_type": "point",
      "flags": {}
    },
    {
      "label": "angle_90",
      "points": [
        [
          2802.2352941176464,
          4025.176470588235
        ]
      ],
      "group_id": null,
      "shape_type": "point",
      "flags": {}
    },
    {
      "label": "sjb_poly",
      "points": [
        [
          708.1176470588234,
          4019.2941176470586
        ],
        [
          2702.2352941176464,
          554.5882352941178
        ],
        [
          2808.117647058823,
          4031.0588235294117
        ]
      ],
      "group_id": null,
      "shape_type": "polygon",
      "flags": {}
    }
  ],
  "imagePath": "DSC_0265.jpg",
  "imageData": null,
  "imageHeight": 5568,
  "imageWidth": 3128
}