{
  "version": "5.1.1",
  "flags": {},
  "shapes": [
    {
      "label": "sjb_rect",
      "points": [
        [
          455.17647058823513,
          457.529411764706
        ],
        [
          2466.941176470588,
          3692.823529411765
        ]
      ],
      "group_id": null,
      "shape_type": "rectangle",
      "flags": {}
    },
    {
      "label": "angle_30",
      "points": [
        [
          2202.2352941176464,
          501.64705882352956
        ]
      ],
      "group_id": null,
      "shape_type": "point",
      "flags": {}
    },
    {
      "label": "angle_60",
      "points": [
        [
          508.1176470588234,
          3601.6470588235293
        ]
      ],
      "group_id": null,
      "shape_type": "point",
      "flags": {}
    },
    {
      "label": "angle_90",
      "points": [
        [
          2396.35294117647,
          3542.8235294117644
        ]
      ],
      "group_id": null,
      "shape_type": "point",
      "flags": {}
    },
    {
      "label": "sjb_poly",
      "points": [
        [
          513.9999999999995,
          3601.6470588235293
        ],
        [
          2219.882352941176,
          472.2352941176472
        ],
        [
          2425.7647058823527,
          3542.8235294117644
        ]
      ],
      "group_id": null,
      "shape_type": "polygon",
      "flags": {}
    }
  ],
  "imagePath": "DSC_0274.jpg",
  "imageData": null,
  "imageHeight": 5568,
  "imageWidth": 3128
}