{
  "version": "5.1.1",
  "flags": {},
  "shapes": [
    {
      "label": "sjb_rect",
      "points": [
        [
          329.5294117647063,
          563.4117647058824
        ],
        [
          3288.3529411764703,
          3963.411764705882
        ]
      ],
      "group_id": null,
      "shape_type": "rectangle",
      "flags": {}
    },
    {
      "label": "angle_30",
      "points": [
        [
          453.05882352941217,
          642.8235294117649
        ]
      ],
      "group_id": null,
      "shape_type": "point",
      "flags": {}
    },
    {
      "label": "angle_60",
      "points": [
        [
          3235.411764705882,
          3472.235294117647
        ]
      ],
      "group_id": null,
      "shape_type": "point",
      "flags": {}
    },
    {
      "label": "angle_90",
      "points": [
        [
          1058.9411764705883,
          3931.0588235294117
        ]
      ],
      "group_id": null,
      "shape_type": "point",
      "flags": {}
    },
    {
      "label": "sjb_poly",
      "points": [
        [
          411.8823529411766,
          613.4117647058825
        ],
        [
          1058.9411764705883,
          3948.705882352941
        ],
        [
          3300.1176470588234,
          3507.529411764706
        ]
      ],
      "group_id": null,
      "shape_type": "polygon",
      "flags": {}
    }
  ],
  "imagePath": "DSC_0240.jpg",
  "imageData": null,
  "imageHeight": 5568,
  "imageWidth": 3712
}