{
  "version": "5.1.1",
  "flags": {},
  "shapes": [
    {
      "label": "sjb_rect",
      "points": [
        [
          647.1764705882356,
          1481.058823529412
        ],
        [
          2847.1764705882347,
          5066.35294117647
        ]
      ],
      "group_id": null,
      "shape_type": "rectangle",
      "flags": {}
    },
    {
      "label": "angle_30",
      "points": [
        [
          2647.176470588235,
          1513.4117647058824
        ]
      ],
      "group_id": null,
      "shape_type": "point",
      "flags": {}
    },
    {
      "label": "angle_60",
      "points": [
        [
          747.1764705882356,
          5001.647058823529
        ]
      ],
      "group_id": null,
      "shape_type": "point",
      "flags": {}
    },
    {
      "label": "angle_90",
      "points": [
        [
          2753.0588235294117,
          4907.529411764705
        ]
      ],
      "group_id": null,
      "shape_type": "point",
      "flags": {}
    },
    {
      "label": "sjb_poly",
      "points": [
        [
          2653.0588235294117,
          1501.6470588235295
        ],
        [
          723.6470588235297,
          5025.176470588235
        ],
        [
          2782.4705882352946,
          4913.411764705882
        ]
      ],
      "group_id": null,
      "shape_type": "polygon",
      "flags": {}
    }
  ],
  "imagePath": "DSC_0219.jpg",
  "imageData": null,
  "imageHeight": 5568,
  "imageWidth": 3712
}