{
  "version": "5.1.1",
  "flags": {},
  "shapes": [
    {
      "label": "sjb_rect",
      "points": [
        [
          1176.3076923076924,
          292.8461538461538
        ],
        [
          2685.9230769230767,
          2598.6153846153843
        ]
      ],
      "group_id": null,
      "shape_type": "rectangle",
      "flags": {}
    },
    {
      "label": "sjb_rect",
      "points": [
        [
          2835.9230769230767,
          252.4615384615384
        ],
        [
          4343.615384615385,
          2663.9999999999995
        ]
      ],
      "group_id": null,
      "shape_type": "rectangle",
      "flags": {}
    },
    {
      "label": "angle_30",
      "points": [
        [
          2650.0714285714284,
          335.42857142857144
        ]
      ],
      "group_id": null,
      "shape_type": "point",
      "flags": {}
    },
    {
      "label": "angle_30",
      "points": [
        [
          2978.6428571428573,
          299.7142857142858
        ]
      ],
      "group_id": null,
      "shape_type": "point",
      "flags": {}
    },
    {
      "label": "angle_60",
      "points": [
        [
          1217.9285714285716,
          2510.428571428571
        ]
      ],
      "group_id": null,
      "shape_type": "point",
      "flags": {}
    },
    {
      "label": "angle_60",
      "points": [
        [
          4278.642857142858,
          2581.8571428571427
        ]
      ],
      "group_id": null,
      "shape_type": "point",
      "flags": {}
    },
    {
      "label": "angle_90",
      "points": [
        [
          2614.357142857143,
          2535.428571428571
        ]
      ],
      "group_id": null,
      "shape_type": "point",
      "flags": {}
    },
    {
      "label": "angle_90",
      "points": [
        [
          2885.785714285714,
          2538.9999999999995
        ]
      ],
      "group_id": null,
      "shape_type": "point",
      "flags": {}
    },
    {
      "label": "sjb_poly",
      "points": [
        [
          2639.769230769231,
          313.99999999999994
        ],
        [
          1197.4615384615386,
          2510.1538461538457
        ],
        [
          2620.538461538462,
          2552.461538461538
        ]
      ],
      "group_id": null,
      "shape_type": "polygon",
      "flags": {}
    },
    {
      "label": "sjb_poly",
      "points": [
        [
          2978.2307692307695,
          287.07692307692304
        ],
        [
          2870.538461538462,
          2552.461538461538
        ],
        [
          4309.0,
          2606.307692307692
        ]
      ],
      "group_id": null,
      "shape_type": "polygon",
      "flags": {}
    }
  ],
  "imagePath": "DSC_0289.jpg",
  "imageData": null,
  "imageHeight": 3128,
  "imageWidth": 5568
}