{
  "version": "5.1.1",
  "flags": {},
  "shapes": [
    {
      "label": "sjb_rect",
      "points": [
        [
          420.70588235294144,
          739.8823529411766
        ],
        [
          2747.1764705882347,
          5166.35294117647
        ]
      ],
      "group_id": null,
      "shape_type": "rectangle",
      "flags": {}
    },
    {
      "label": "angle_30",
      "points": [
        [
          1953.0588235294117,
          5066.35294117647
        ]
      ],
      "group_id": null,
      "shape_type": "point",
      "flags": {}
    },
    {
      "label": "angle_60",
      "points": [
        [
          2635.411764705882,
          819.294117647059
        ]
      ],
      "group_id": null,
      "shape_type": "point",
      "flags": {}
    },
    {
      "label": "angle_90",
      "points": [
        [
          494.2352941176473,
          1601.6470588235295
        ]
      ],
      "group_id": null,
      "shape_type": "point",
      "flags": {}
    },
    {
      "label": "sjb_poly",
      "points": [
        [
          476.58823529411757,
          1584.0
        ],
        [
          2664.8235294117644,
          789.8823529411766
        ],
        [
          1923.6470588235293,
          5131.058823529412
        ]
      ],
      "group_id": null,
      "shape_type": "polygon",
      "flags": {}
    }
  ],
  "imagePath": "DSC_0301.jpg",
  "imageData": null,
  "imageHeight": 5568,
  "imageWidth": 3712
}