{
  "version": "5.1.1",
  "flags": {},
  "shapes": [
    {
      "label": "sjb_rect",
      "points": [
        [
          376.588235294118,
          310.47058823529426
        ],
        [
          3200.1176470588234,
          5257.529411764705
        ]
      ],
      "group_id": null,
      "shape_type": "rectangle",
      "flags": {}
    },
    {
      "label": "angle_30",
      "points": [
        [
          3111.8823529411766,
          5119.294117647059
        ]
      ],
      "group_id": null,
      "shape_type": "point",
      "flags": {}
    },
    {
      "label": "angle_60",
      "points": [
        [
          2435.411764705882,
          378.11764705882365
        ]
      ],
      "group_id": null,
      "shape_type": "point",
      "flags": {}
    },
    {
      "label": "angle_90",
      "points": [
        [
          441.294117647059,
          1719.2941176470588
        ]
      ],
      "group_id": null,
      "shape_type": "point",
      "flags": {}
    },
    {
      "label": "sjb_poly",
      "points": [
        [
          382.47058823529414,
          1725.1764705882354
        ],
        [
          2447.176470588235,
          325.1764705882354
        ],
        [
          3123.6470588235297,
          5189.882352941177
        ]
      ],
      "group_id": null,
      "shape_type": "polygon",
      "flags": {}
    }
  ],
  "imagePath": "DSC_0236.jpg",
  "imageData": null,
  "imageHeight": 5568,
  "imageWidth": 3712
}