{
  "version": "5.1.1",
  "flags": {},
  "shapes": [
    {
      "label": "sjb_rect",
      "points": [
        [
          266.94117647058783,
          869.2941176470589
        ],
        [
          2519.882352941176,
          5536.941176470588
        ]
      ],
      "group_id": null,
      "shape_type": "rectangle",
      "flags": {}
    },
    {
      "label": "angle_30",
      "points": [
        [
          1649.294117647058,
          5460.470588235294
        ]
      ],
      "group_id": null,
      "shape_type": "point",
      "flags": {}
    },
    {
      "label": "angle_60",
      "points": [
        [
          2408.117647058823,
          925.1764705882355
        ]
      ],
      "group_id": null,
      "shape_type": "point",
      "flags": {}
    },
    {
      "label": "angle_90",
      "points": [
        [
          337.5294117647054,
          1895.764705882353
        ]
      ],
      "group_id": null,
      "shape_type": "point",
      "flags": {}
    },
    {
      "label": "sjb_poly",
      "points": [
        [
          337.5294117647054,
          1895.764705882353
        ],
        [
          2437.529411764706,
          895.764705882353
        ],
        [
          1649.294117647058,
          5531.058823529412
        ]
      ],
      "group_id": null,
      "shape_type": "polygon",
      "flags": {}
    }
  ],
  "imagePath": "DSC_0260.jpg",
  "imageData": null,
  "imageHeight": 5568,
  "imageWidth": 3128
}