{
  "version": "5.1.1",
  "flags": {},
  "shapes": [
    {
      "label": "sjb_rect",
      "points": [
        [
          1080.1538461538462,
          50.53846153846149
        ],
        [
          5466.692307692308,
          2623.6153846153848
        ]
      ],
      "group_id": null,
      "shape_type": "rectangle",
      "flags": {}
    },
    {
      "label": "angle_30",
      "points": [
        [
          5435.785714285715,
          2460.428571428571
        ]
      ],
      "group_id": null,
      "shape_type": "point",
      "flags": {}
    },
    {
      "label": "angle_60",
      "points": [
        [
          1164.3571428571431,
          81.85714285714292
        ]
      ],
      "group_id": null,
      "shape_type": "point",
      "flags": {}
    },
    {
      "label": "angle_90",
      "points": [
        [
          1232.214285714286,
          2585.428571428571
        ]
      ],
      "group_id": null,
      "shape_type": "point",
      "flags": {}
    },
    {
      "label": "sjb_poly",
      "points": [
        [
          1157.214285714286,
          96.1428571428572
        ],
        [
          5442.928571428572,
          2463.9999999999995
        ],
        [
          1214.3571428571431,
          2599.7142857142853
        ]
      ],
      "group_id": null,
      "shape_type": "polygon",
      "flags": {}
    }
  ],
  "imagePath": "DSC_0278.jpg",
  "imageData": null,
  "imageHeight": 3128,
  "imageWidth": 5568
}