{
  "version": "5.1.1",
  "flags": {},
  "shapes": [
    {
      "label": "sjb_rect",
      "points": [
        [
          1520.0,
          130.0
        ],
        [
          4852.0,
          1766.0
        ]
      ],
      "group_id": null,
      "shape_type": "rectangle",
      "flags": {}
    },
    {
      "label": "sjb_rect",
      "points": [
        [
          1552.0,
          2062.0
        ],
        [
          4878.0,
          3688.0
        ]
      ],
      "group_id": null,
      "shape_type": "rectangle",
      "flags": {}
    },
    {
      "label": "angle_30",
      "points": [
        [
          4830.0,
          668.0
        ]
      ],
      "group_id": null,
      "shape_type": "point",
      "flags": {}
    },
    {
      "label": "angle_30",
      "points": [
        [
          4838.0,
          3032.0
        ]
      ],
      "group_id": null,
      "shape_type": "point",
      "flags": {}
    },
    {
      "label": "angle_60",
      "points": [
        [
          1578.0,
          176.0
        ]
      ],
      "group_id": null,
      "shape_type": "point",
      "flags": {}
    },
    {
      "label": "angle_60",
      "points": [
        [
          1606.0,
          3664.0
        ]
      ],
      "group_id": null,
      "shape_type": "point",
      "flags": {}
    },
    {
      "label": "angle_90",
      "points": [
        [
          2178.0,
          1716.0
        ]
      ],
      "group_id": null,
      "shape_type": "point",
      "flags": {}
    },
    {
      "label": "angle_90",
      "points": [
        [
          2146.0,
          2100.0
        ]
      ],
      "group_id": null,
      "shape_type": "point",
      "flags": {}
    },
    {
      "label": "sjb_poly",
      "points": [
        [
          1570.0,
          164.0
        ],
        [
          4834.0,
          676.0
        ],
        [
          2166.0,
          1724.0
        ]
      ],
      "group_id": null,
      "shape_type": "polygon",
      "flags": {}
    },
    {
      "label": "sjb_poly",
      "points": [
        [
          2138.0,
          2092.0
        ],
        [
          4846.0,
          3020.0
        ],
        [
          1586.0,
          3672.0
        ]
      ],
      "group_id": null,
      "shape_type": "polygon",
      "flags": {}
    }
  ],
  "imagePath": "DSC_0282.jpg",
  "imageData": null,
  "imageHeight": 3712,
  "imageWidth": 5568
}