{
  "version": "5.1.1",
  "flags": {},
  "shapes": [
    {
      "label": "sjb_rect",
      "points": [
        [
          1512.846153846154,
          592.8461538461538
        ],
        [
          4789.7692307692305,
          2831.3076923076924
        ]
      ],
      "group_id": null,
      "shape_type": "rectangle",
      "flags": {}
    },
    {
      "label": "angle_30",
      "points": [
        [
          4714.357142857143,
          635.4285714285714
        ]
      ],
      "group_id": null,
      "shape_type": "point",
      "flags": {}
    },
    {
      "label": "angle_60",
      "points": [
        [
          1792.9285714285716,
          2796.142857142857
        ]
      ],
      "group_id": null,
      "shape_type": "point",
      "flags": {}
    },
    {
      "label": "angle_90",
      "points": [
        [
          1553.6428571428573,
          903.2857142857142
        ]
      ],
      "group_id": null,
      "shape_type": "point",
      "flags": {}
    },
    {
      "label": "sjb_poly",
      "points": [
        [
          1550.0714285714287,
          896.1428571428571
        ],
        [
          4742.928571428572,
          610.4285714285714
        ],
        [
          1778.6428571428573,
          2817.571428571428
        ]
      ],
      "group_id": null,
      "shape_type": "polygon",
      "flags": {}
    }
  ],
  "imagePath": "DSC_0269.jpg",
  "imageData": null,
  "imageHeight": 3128,
  "imageWidth": 5568
}