{
  "version": "5.1.1",
  "flags": {},
  "shapes": [
    {
      "label": "sjb_rect",
      "points": [
        [
          1138.0,
          0.0
        ],
        [
          4480.0,
          1562.0
        ]
      ],
      "group_id": null,
      "shape_type": "rectangle",
      "flags": {}
    },
    {
      "label": "sjb_rect",
      "points": [
        [
          1160.0,
          1954.0
        ],
        [
          4560.0,
          3566.0
        ]
      ],
      "group_id": null,
      "shape_type": "rectangle",
      "flags": {}
    },
    {
      "label": "angle_30",
      "points": [
        [
          4434.0,
          284.0
        ]
      ],
      "group_id": null,
      "shape_type": "point",
      "flags": {}
    },
    {
      "label": "angle_30",
      "points": [
        [
          4526.0,
          2316.0
        ]
      ],
      "group_id": null,
      "shape_type": "point",
      "flags": {}
    },
    {
      "label": "angle_60",
      "points": [
        [
          1202.0,
          44.0
        ]
      ],
      "group_id": null,
      "shape_type": "point",
      "flags": {}
    },
    {
      "label": "angle_60",
      "points": [
        [
          1218.0,
          2000.0
        ]
      ],
      "group_id": null,
      "shape_type": "point",
      "flags": {}
    },
    {
      "label": "angle_90",
      "points": [
        [
          1934.0,
          1512.0
        ]
      ],
      "group_id": null,
      "shape_type": "point",
      "flags": {}
    },
    {
      "label": "angle_90",
      "points": [
        [
          1906.0,
          3532.0
        ]
      ],
      "group_id": null,
      "shape_type": "point",
      "flags": {}
    },
    {
      "label": "sjb_poly",
      "points": [
        [
          1202.0,
          28.0
        ],
        [
          4454.0,
          280.0
        ],
        [
          1938.0,
          1524.0
        ]
      ],
      "group_id": null,
      "shape_type": "polygon",
      "flags": {}
    },
    {
      "label": "sjb_poly",
      "points": [
        [
          1222.0,
          1992.0
        ],
        [
          4542.0,
          2292.0
        ],
        [
          1918.0,
          3532.0
        ]
      ],
      "group_id": null,
      "shape_type": "polygon",
      "flags": {}
    }
  ],
  "imagePath": "DSC_0281.jpg",
  "imageData": null,
  "imageHeight": 3712,
  "imageWidth": 5568
}