{
  "version": "5.1.1",
  "flags": {},
  "shapes": [
    {
      "label": "sjb_rect",
      "points": [
        [
          143.61538461538473,
          358.23076923076917
        ],
        [
          4624.384615384615,
          2412.076923076923
        ]
      ],
      "group_id": null,
      "shape_type": "rectangle",
      "flags": {}
    },
    {
      "label": "angle_30",
      "points": [
        [
          200.0714285714289,
          1864.0
        ]
      ],
      "group_id": null,
      "shape_type": "point",
      "flags": {}
    },
    {
      "label": "angle_60",
      "points": [
        [
          4575.071428571429,
          2335.428571428571
        ]
      ],
      "group_id": null,
      "shape_type": "point",
      "flags": {}
    },
    {
      "label": "angle_90",
      "points": [
        [
          3507.214285714286,
          399.7142857142858
        ]
      ],
      "group_id": null,
      "shape_type": "point",
      "flags": {}
    },
    {
      "label": "sjb_poly",
      "points": [
        [
          185.78571428571462,
          1864.0
        ],
        [
          3521.5,
          389.0
        ],
        [
          4592.928571428572,
          2346.142857142857
        ]
      ],
      "group_id": null,
      "shape_type": "polygon",
      "flags": {}
    }
  ],
  "imagePath": "DSC_0259.jpg",
  "imageData": null,
  "imageHeight": 3128,
  "imageWidth": 5568
}