{
  "version": "5.1.1",
  "flags": {},
  "shapes": [
    {
      "label": "sjb_rect",
      "points": [
        [
          325.7647058823527,
          1048.7058823529412
        ],
        [
          2458.117647058824,
          4739.882352941176
        ]
      ],
      "group_id": null,
      "shape_type": "rectangle",
      "flags": {}
    },
    {
      "label": "angle_30",
      "points": [
        [
          2266.941176470588,
          4672.235294117647
        ]
      ],
      "group_id": null,
      "shape_type": "point",
      "flags": {}
    },
    {
      "label": "angle_60",
      "points": [
        [
          402.23529411764684,
          1142.8235294117646
        ]
      ],
      "group_id": null,
      "shape_type": "point",
      "flags": {}
    },
    {
      "label": "angle_90",
      "points": [
        [
          2402.2352941176464,
          1201.6470588235295
        ]
      ],
      "group_id": null,
      "shape_type": "point",
      "flags": {}
    },
    {
      "label": "sjb_poly",
      "points": [
        [
          390.47058823529414,
          1131.0588235294117
        ],
        [
          2431.6470588235293,
          1189.8823529411766
        ],
        [
          2261.0588235294113,
          4695.764705882353
        ]
      ],
      "group_id": null,
      "shape_type": "polygon",
      "flags": {}
    }
  ],
  "imagePath": "DSC_0293.jpg",
  "imageData": null,
  "imageHeight": 5568,
  "imageWidth": 3128
}