{
  "version": "5.1.1",
  "flags": {},
  "shapes": [
    {
      "label": "sjb_rect",
      "points": [
        [
          653.2258064516129,
          1067.741935483871
        ],
        [
          2643.548387096774,
          1951.6129032258066
        ]
      ],
      "group_id": null,
      "shape_type": "rectangle",
      "flags": {}
    },
    {
      "label": "angle_30",
      "points": [
        [
          2614.516129032258,
          1151.6129032258066
        ]
      ],
      "group_id": null,
      "shape_type": "point",
      "flags": {}
    },
    {
      "label": "angle_60",
      "points": [
        [
          691.9354838709677,
          1909.6774193548388
        ]
      ],
      "group_id": null,
      "shape_type": "point",
      "flags": {}
    },
    {
      "label": "angle_90",
      "points": [
        [
          1008.0645161290323,
          1096.774193548387
        ]
      ],
      "group_id": null,
      "shape_type": "point",
      "flags": {}
    },
    {
      "label": "sjb_poly",
      "points": [
        [
          675.8064516129033,
          1919.3548387096776
        ],
        [
          1001.6129032258065,
          1093.5483870967741
        ],
        [
          2630.645161290323,
          1141.9354838709678
        ]
      ],
      "group_id": null,
      "shape_type": "polygon",
      "flags": {}
    }
  ],
  "imagePath": "MVIMG_20230331_080908.jpg",
  "imageData": null,
  "imageHeight": 3000,
  "imageWidth": 4000
}