{
  "version": "5.1.1",
  "flags": {},
  "shapes": [
    {
      "label": "sjb_rect",
      "points": [
        [
          1369.3548387096776,
          1006.4516129032259
        ],
        [
          2262.9032258064517,
          2325.806451612903
        ]
      ],
      "group_id": null,
      "shape_type": "rectangle",
      "flags": {}
    },
    {
      "label": "angle_30",
      "points": [
        [
          2053.225806451613,
          1032.258064516129
        ]
      ],
      "group_id": null,
      "shape_type": "point",
      "flags": {}
    },
    {
      "label": "angle_60",
      "points": [
        [
          2201.612903225807,
          2270.9677419354834
        ]
      ],
      "group_id": null,
      "shape_type": "point",
      "flags": {}
    },
    {
      "label": "angle_90",
      "points": [
        [
          1417.7419354838712,
          2000.0
        ]
      ],
      "group_id": null,
      "shape_type": "point",
      "flags": {}
    },
    {
      "label": "sjb_poly",
      "points": [
        [
          2059.677419354839,
          1025.8064516129032
        ],
        [
          1395.1612903225805,
          1993.5483870967741
        ],
        [
          2217.741935483871,
          2300.0
        ]
      ],
      "group_id": null,
      "shape_type": "polygon",
      "flags": {}
    }
  ],
  "imagePath": "MVIMG_20230331_080912.jpg",
  "imageData": null,
  "imageHeight": 3000,
  "imageWidth": 4000
}