{
  "version": "5.1.1",
  "flags": {},
  "shapes": [
    {
      "label": "sjb_rect",
      "points": [
        [
          1372.5806451612902,
          1241.9354838709678
        ],
        [
          3466.1290322580644,
          2293.548387096774
        ]
      ],
      "group_id": null,
      "shape_type": "rectangle",
      "flags": {}
    },
    {
      "label": "angle_30",
      "points": [
        [
          3420.967741935484,
          1906.4516129032259
        ]
      ],
      "group_id": null,
      "shape_type": "point",
      "flags": {}
    },
    {
      "label": "angle_60",
      "points": [
        [
          1391.9354838709678,
          2254.838709677419
        ]
      ],
      "group_id": null,
      "shape_type": "point",
      "flags": {}
    },
    {
      "label": "angle_90",
      "points": [
        [
          1782.2580645161293,
          1267.741935483871
        ]
      ],
      "group_id": null,
      "shape_type": "point",
      "flags": {}
    },
    {
      "label": "sjb_poly",
      "points": [
        [
          1788.709677419355,
          1267.741935483871
        ],
        [
          1385.483870967742,
          2251.6129032258063
        ],
        [
          3437.0967741935488,
          1909.6774193548388
        ]
      ],
      "group_id": null,
      "shape_type": "polygon",
      "flags": {}
    }
  ],
  "imagePath": "MVIMG_20230331_080915.jpg",
  "imageData": null,
  "imageHeight": 3000,
  "imageWidth": 4000
}